AASKK01,Functions,what are methods?,,https://realpython.com/defining-your-own-python-function/
AASKK01,Functions,how are methods different from functions?,,https://realpython.com/defining-your-own-python-function/
AASKK01,Functions,why methods are always associated with objects of the class?,,https://realpython.com/defining-your-own-python-function/
AASKK01,Functions,why methods can operate with data only of the class?,,https://realpython.com/defining-your-own-python-function/
AASKK01,Functions,how functions are different from methods?,,https://realpython.com/defining-your-own-python-function/
AASKK01,Functions,whether functions return data or not?,,https://realpython.com/defining-your-own-python-function/
AASKK01,Functions,whether methods return data or not?,,https://realpython.com/defining-your-own-python-function/
AASKK01,Functions,how to pass an argument to the function?,,https://realpython.com/defining-your-own-python-function/
AASKK01,Functions,calling a function of module from a strong with function name in python,,https://realpython.com/defining-your-own-python-function/
AASKK01,Functions,what's the best way to return multiple values from a function in python?,,https://realpython.com/defining-your-own-python-function/
AASKK01,Functions,what is a len function?,,https://realpython.com/defining-your-own-python-function/
AASKK01,Functions,where len function is used?,,https://realpython.com/defining-your-own-python-function/
AASKK01,Functions,passing functions which have multiple return values as arguments in python,,https://realpython.com/defining-your-own-python-function/
AASKK01,Functions,defining dynamic functions to a string,,https://realpython.com/defining-your-own-python-function/
AASKK01,Functions,what is lambda function?,,https://realpython.com/defining-your-own-python-function/
AASKK01,Functions,what is map operator?,,https://realpython.com/defining-your-own-python-function/
AASKK01,Functions,what is apply method?,,https://realpython.com/defining-your-own-python-function/
AASKK01,Functions,using numpy.apply,,https://realpython.com/defining-your-own-python-function/
AASKK01,Functions,how to apply function to only certain array elements?,,https://realpython.com/defining-your-own-python-function/
AASKK01,Functions,what does import function does?,,https://realpython.com/defining-your-own-python-function/
AASKK01,Functions,How to use lambda function in python?,,https://realpython.com/defining-your-own-python-function/
AASKK01,Functions,How to use map function in python?,,https://realpython.com/defining-your-own-python-function/
AASKK01,Functions,What is an operator and function in python?,,https://realpython.com/defining-your-own-python-function/
AASKK01,Functions,What is apply method in python?,,https://realpython.com/defining-your-own-python-function/
AASKK01,Functions,How to create custom functions in python?,,https://realpython.com/defining-your-own-python-function/
